{"cameraMode":{"drawMode":0,"name":"Shaded","section":"Shading Mode"},"sceneLighting":false,"audioPlay":false,"sceneViewState":{"showFog":false,"showMaterialUpdate":false,"showSkybox":false,"showFlares":false,"showImageEffects":false,"showParticleSystems":false,"showVisualEffectGraphs":true,"m_FxEnabled":true},"in2DMode":false,"pivot":{"x":2.1532442569732668,"y":0.49042168259620669,"z":-0.1782764345407486},"rotation":{"x":-0.047541361302137378,"y":0.7510268688201904,"z":-0.05440104007720947,"w":-0.6563122868537903},"size":0.8660253882408142,"orthographic":false}